ap-northeast-1,c1.medium,44.0492
ap-northeast-1,c1.xlarge,461.6760
ap-northeast-1,c3.2xlarge,90.9472
ap-northeast-1,c3.8xlarge,352.6854
ap-northeast-1,c3.large,22.0611
ap-northeast-1,c3.xlarge,44.0492
ap-northeast-1,c4.2xlarge,97.0104
ap-northeast-1,c4.4xlarge,194.1669
ap-northeast-1,c4.8xlarge,370.2905
ap-northeast-1,c4.large,26.1519
ap-northeast-1,c4.xlarge,50.1853
ap-northeast-1,c5.18xlarge,874.8468
ap-northeast-1,c5.2xlarge,113.5928
ap-northeast-1,c5.4xlarge,199.0613
ap-northeast-1,c5.9xlarge,437.4234
ap-northeast-1,c5.large,27.3207
ap-northeast-1,c5.xlarge,51.2081
ap-northeast-1,c5d.18xlarge,874.8468
ap-northeast-1,c5d.2xlarge,124.5503
ap-northeast-1,c5d.4xlarge,223.4599
ap-northeast-1,c5d.9xlarge,437.4234
ap-northeast-1,c5d.large,24.3257
ap-northeast-1,c5d.xlarge,48.5783
ap-northeast-1,d2.2xlarge,1233.0840
ap-northeast-1,d2.4xlarge,2466.1680
ap-northeast-1,d2.8xlarge,1479.7008
ap-northeast-1,g2.2xlarge,198.2577
ap-northeast-1,g2.8xlarge,787.1868
ap-northeast-1,g3.16xlarge,2373.4675
ap-northeast-1,g3.4xlarge,369.7791
ap-northeast-1,g3.8xlarge,1578.9027
ap-northeast-1,i2.2xlarge,438.5191
ap-northeast-1,i2.8xlarge,1754.0766
ap-northeast-1,i2.xlarge,219.3692
ap-northeast-1,i3.16xlarge,1283.3424
ap-northeast-1,i3.2xlarge,218.2734
ap-northeast-1,i3.4xlarge,320.8356
ap-northeast-1,i3.8xlarge,641.6712
ap-northeast-1,i3.metal,1283.3424
ap-northeast-1,i3.xlarge,89.1210
ap-northeast-1,m1.large,27.4668
ap-northeast-1,m1.medium,8.9121
ap-northeast-1,m2.2xlarge,44.1222
ap-northeast-1,m2.4xlarge,403.1629
ap-northeast-1,m2.xlarge,20.9653
ap-northeast-1,m3.2xlarge,114.6885
ap-northeast-1,m3.large,25.4214
ap-northeast-1,m3.xlarge,46.3137
ap-northeast-1,m4.16xlarge,3598.5891
ap-northeast-1,m4.4xlarge,195.0435
ap-northeast-1,m4.large,26.0058
ap-northeast-1,m4.xlarge,56.6137
ap-northeast-1,m5.12xlarge,612.3782
ap-northeast-1,m5.24xlarge,1224.7563
ap-northeast-1,m5.4xlarge,204.9053
ap-northeast-1,m5.xlarge,51.5733
ap-northeast-1,m5d.24xlarge,4162.7542
ap-northeast-1,m5d.2xlarge,141.7170
ap-northeast-1,m5d.4xlarge,775.5719
ap-northeast-1,m5d.large,63.6996
ap-northeast-1,m5d.xlarge,150.9213
ap-northeast-1,p2.16xlarge,18022.8960
ap-northeast-1,p2.xlarge,348.8137
ap-northeast-1,p3.16xlarge,30640.0920
ap-northeast-1,p3.2xlarge,1233.3031
ap-northeast-1,r3.2xlarge,97.3757
ap-northeast-1,r3.4xlarge,209.0691
ap-northeast-1,r3.8xlarge,422.0829
ap-northeast-1,r3.xlarge,49.5279
ap-northeast-1,r4.16xlarge,3740.1600
ap-northeast-1,r4.2xlarge,101.8317
ap-northeast-1,r4.4xlarge,241.8686
ap-northeast-1,r4.8xlarge,407.3268
ap-northeast-1,r4.large,25.7866
ap-northeast-1,r4.xlarge,51.3542
ap-northeast-1,r5.12xlarge,877.2575
ap-northeast-1,r5.24xlarge,5329.7280
ap-northeast-1,r5.2xlarge,106.9452
ap-northeast-1,r5.large,30.0235
ap-northeast-1,r5.xlarge,53.4726
ap-northeast-1,r5d.12xlarge,3050.5680
ap-northeast-1,r5d.24xlarge,6101.1360
ap-northeast-1,r5d.2xlarge,106.9452
ap-northeast-1,r5d.4xlarge,216.8124
ap-northeast-1,r5d.large,26.7363
ap-northeast-1,r5d.xlarge,254.2140
ap-northeast-1,t2.2xlarge,106.5799
ap-northeast-1,t2.medium,13.2951
ap-northeast-1,t2.micro,3.3603
ap-northeast-1,t2.xlarge,53.3265
ap-northeast-1,t3.2xlarge,95.9147
ap-northeast-1,t3.large,23.9604
ap-northeast-1,t3.medium,11.9802
ap-northeast-1,t3.nano,1.4610
ap-northeast-1,t3.small,5.9901
ap-northeast-1,t3.xlarge,47.9208
ap-northeast-1,x1e.16xlarge,14130.7920
ap-northeast-1,x1e.2xlarge,529.9047
ap-northeast-1,x1e.8xlarge,4803.1106
ap-northeast-1,x1e.xlarge,264.9524
ap-northeast-1,z1d.2xlarge,663.2940
ap-northeast-1,z1d.3xlarge,994.9410
ap-northeast-1,z1d.6xlarge,1743.9227
ap-northeast-1,z1d.metal,3979.7640
ap-northeast-1,z1d.xlarge,244.2061
ap-northeast-2,c4.2xlarge,83.4231
ap-northeast-2,c4.4xlarge,166.7732
ap-northeast-2,c4.8xlarge,333.5463
ap-northeast-2,c4.large,20.8193
ap-northeast-2,c4.xlarge,41.7116
ap-northeast-2,c5.18xlarge,788.0634
ap-northeast-2,c5.2xlarge,87.5870
ap-northeast-2,c5.4xlarge,177.7306
ap-northeast-2,c5.9xlarge,394.0317
ap-northeast-2,c5.large,22.4994
ap-northeast-2,c5.xlarge,43.7569
ap-northeast-2,c5d.18xlarge,788.0634
ap-northeast-2,c5d.2xlarge,87.5870
ap-northeast-2,c5d.4xlarge,175.1008
ap-northeast-2,c5d.9xlarge,394.0317
ap-northeast-2,c5d.large,21.9150
ap-northeast-2,c5d.xlarge,43.7569
ap-northeast-2,d2.2xlarge,369.9252
ap-northeast-2,d2.4xlarge,739.8504
ap-northeast-2,d2.8xlarge,1479.7008
ap-northeast-2,d2.xlarge,184.9626
ap-northeast-2,i2.2xlarge,438.5191
ap-northeast-2,i2.4xlarge,877.0383
ap-northeast-2,i2.8xlarge,2091.4946
ap-northeast-2,i2.xlarge,219.3692
ap-northeast-2,i3.16xlarge,1283.3424
ap-northeast-2,i3.2xlarge,160.4178
ap-northeast-2,i3.4xlarge,320.8356
ap-northeast-2,i3.8xlarge,641.6712
ap-northeast-2,i3.large,40.1044
ap-northeast-2,i3.xlarge,80.2089
ap-northeast-2,m4.10xlarge,437.7887
ap-northeast-2,m4.16xlarge,700.4764
ap-northeast-2,m4.2xlarge,87.5870
ap-northeast-2,m4.4xlarge,175.1008
ap-northeast-2,m4.large,21.9150
ap-northeast-2,m4.xlarge,43.7569
ap-northeast-2,m5.12xlarge,551.6736
ap-northeast-2,m5.24xlarge,1103.2741
ap-northeast-2,m5.2xlarge,91.9700
ap-northeast-2,m5.4xlarge,184.2321
ap-northeast-2,m5.large,23.4490
ap-northeast-2,m5.metal,4137.5520
ap-northeast-2,m5.xlarge,45.9484
ap-northeast-2,m5d.12xlarge,2436.9480
ap-northeast-2,m5d.24xlarge,1103.2741
ap-northeast-2,m5d.2xlarge,97.6679
ap-northeast-2,m5d.4xlarge,812.3160
ap-northeast-2,m5d.large,23.0108
ap-northeast-2,m5d.metal,4873.8960
ap-northeast-2,m5d.xlarge,45.9484
ap-northeast-2,p2.16xlarge,17122.9200
ap-northeast-2,p2.8xlarge,8561.4600
ap-northeast-2,p2.xlarge,321.0548
ap-northeast-2,p3.16xlarge,29108.9640
ap-northeast-2,p3.2xlarge,1202.4760
ap-northeast-2,p3.8xlarge,14554.4820
ap-northeast-2,r3.2xlarge,87.3678
ap-northeast-2,r3.4xlarge,197.8924
ap-northeast-2,r3.8xlarge,349.4712
ap-northeast-2,r3.large,21.8420
ap-northeast-2,r3.xlarge,43.6839
ap-northeast-2,r4.16xlarge,733.8603
ap-northeast-2,r4.2xlarge,91.7508
ap-northeast-2,r4.4xlarge,256.7708
ap-northeast-2,r4.8xlarge,367.2224
ap-northeast-2,r4.large,22.9377
ap-northeast-2,r4.xlarge,45.8754
ap-northeast-2,r5.12xlarge,2664.8640
ap-northeast-2,r5.24xlarge,5329.7280
ap-northeast-2,r5.2xlarge,96.3529
ap-northeast-2,r5.4xlarge,888.2880
ap-northeast-2,r5.large,24.1065
ap-northeast-2,r5.metal,5329.7280
ap-northeast-2,r5.xlarge,74.7301
ap-northeast-2,r5d.12xlarge,3033.0360
ap-northeast-2,r5d.24xlarge,6066.0720
ap-northeast-2,r5d.2xlarge,505.5060
ap-northeast-2,r5d.4xlarge,1011.0120
ap-northeast-2,r5d.large,24.1065
ap-northeast-2,r5d.metal,6066.0720
ap-northeast-2,r5d.xlarge,48.1399
ap-northeast-2,t2.2xlarge,100.9551
ap-northeast-2,t2.large,25.2753
ap-northeast-2,t2.medium,12.6377
ap-northeast-2,t2.micro,3.1412
ap-northeast-2,t2.small,6.2823
ap-northeast-2,t2.xlarge,50.4775
ap-northeast-2,t3.2xlarge,303.8880
ap-northeast-2,t3.large,75.9720
ap-northeast-2,t3.medium,37.9860
ap-northeast-2,t3.micro,9.4965
ap-northeast-2,t3.nano,4.7482
ap-northeast-2,t3.small,18.9930
ap-northeast-2,t3.xlarge,151.9440
ap-northeast-2,x1.16xlarge,2119.3997
ap-northeast-2,x1.32xlarge,14128.6005
ap-northeast-2,x1e.16xlarge,14130.7920
ap-northeast-2,x1e.2xlarge,1766.3490
ap-northeast-2,x1e.32xlarge,28261.5840
ap-northeast-2,x1e.4xlarge,3532.6980
ap-northeast-2,x1e.8xlarge,7065.3960
ap-northeast-2,x1e.xlarge,264.9524
ap-south-1,c4.2xlarge,109.2097
ap-south-1,c4.4xlarge,171.3023
ap-south-1,c4.8xlarge,322.5158
ap-south-1,c4.large,25.0561
ap-south-1,c4.xlarge,40.8349
ap-south-1,c5.18xlarge,762.0576
ap-south-1,c5.2xlarge,121.3360
ap-south-1,c5.4xlarge,180.5065
ap-south-1,c5.9xlarge,385.2657
ap-south-1,c5.large,41.0541
ap-south-1,c5.xlarge,60.6315
ap-south-1,c5d.18xlarge,1432.4374
ap-south-1,c5d.2xlarge,289.2780
ap-south-1,c5d.4xlarge,578.5560
ap-south-1,c5d.9xlarge,1301.7510
ap-south-1,c5d.large,21.1845
ap-south-1,c5d.xlarge,71.9543
ap-south-1,d2.2xlarge,1207.5165
ap-south-1,d2.4xlarge,2415.0330
ap-south-1,d2.8xlarge,4830.0660
ap-south-1,d2.xlarge,181.2370
ap-south-1,i2.2xlarge,423.6170
ap-south-1,i2.4xlarge,847.4530
ap-south-1,i2.8xlarge,5648.9565
ap-south-1,i2.xlarge,211.9181
ap-south-1,i3.16xlarge,1241.2656
ap-south-1,i3.2xlarge,155.1582
ap-south-1,i3.4xlarge,310.3164
ap-south-1,i3.8xlarge,620.6328
ap-south-1,i3.large,38.7895
ap-south-1,i3.xlarge,77.5791
ap-south-1,m4.10xlarge,423.3248
ap-south-1,m4.16xlarge,677.3196
ap-south-1,m4.2xlarge,91.2394
ap-south-1,m4.4xlarge,229.3039
ap-south-1,m4.large,21.1845
ap-south-1,m4.xlarge,44.2683
ap-south-1,m5.12xlarge,533.4111
ap-south-1,m5.24xlarge,1066.8222
ap-south-1,m5.2xlarge,168.7455
ap-south-1,m5.4xlarge,208.9230
ap-south-1,m5.large,27.3937
ap-south-1,m5.metal,3541.4640
ap-south-1,m5.xlarge,58.2939
ap-south-1,m5d.12xlarge,2138.9040
ap-south-1,m5d.24xlarge,2287.5608
ap-south-1,m5d.2xlarge,152.1632
ap-south-1,m5d.4xlarge,712.9680
ap-south-1,m5d.large,22.2072
ap-south-1,m5d.metal,711.2148
ap-south-1,m5d.xlarge,44.4875
ap-south-1,p2.16xlarge,20079.9840
ap-south-1,p2.8xlarge,10039.9920
ap-south-1,p2.xlarge,380.7366
ap-south-1,r3.2xlarge,271.3077
ap-south-1,r3.4xlarge,219.9536
ap-south-1,r3.8xlarge,421.5715
ap-south-1,r3.large,21.1115
ap-south-1,r3.xlarge,44.5605
ap-south-1,r4.16xlarge,709.6077
ap-south-1,r4.2xlarge,314.9916
ap-south-1,r4.4xlarge,195.9931
ap-south-1,r4.8xlarge,354.8039
ap-south-1,r4.large,22.2072
ap-south-1,r4.xlarge,44.7797
ap-south-1,r5.12xlarge,2279.1600
ap-south-1,r5.24xlarge,1117.6650
ap-south-1,r5.2xlarge,93.1388
ap-south-1,r5.4xlarge,759.7200
ap-south-1,r5.large,23.3029
ap-south-1,r5.metal,4558.3200
ap-south-1,r5.xlarge,46.5329
ap-south-1,r5d.12xlarge,2647.3320
ap-south-1,r5d.24xlarge,5294.6640
ap-south-1,r5d.2xlarge,93.1388
ap-south-1,r5d.4xlarge,882.4440
ap-south-1,r5d.large,23.3029
ap-south-1,r5d.metal,5294.6640
ap-south-1,r5d.xlarge,46.5329
ap-south-1,t2.2xlarge,100.9551
ap-south-1,t2.large,25.2753
ap-south-1,t2.medium,12.6377
ap-south-1,t2.micro,3.1412
ap-south-1,t2.small,6.2823
ap-south-1,t2.xlarge,50.4775
ap-south-1,t3.2xlarge,78.5288
ap-south-1,t3.large,19.6504
ap-south-1,t3.medium,10.0809
ap-south-1,t3.micro,2.4837
ap-south-1,t3.nano,1.2418
ap-south-1,t3.small,4.8944
ap-south-1,t3.xlarge,39.3009
ap-south-1,x1.16xlarge,2013.3311
ap-south-1,x1.32xlarge,13422.2070
ap-southeast-1,c3.4xlarge,165.0930
ap-southeast-1,c3.8xlarge,330.1860
ap-southeast-1,c3.xlarge,41.2733
ap-southeast-1,c4.2xlarge,86.6373
ap-southeast-1,c4.4xlarge,177.8767
ap-southeast-1,c4.8xlarge,346.6953
ap-southeast-1,c4.large,21.6959
ap-southeast-1,c4.xlarge,130.5404
ap-southeast-1,c5.18xlarge,819.0366
ap-southeast-1,c5.2xlarge,93.7232
ap-southeast-1,c5.4xlarge,182.6980
ap-southeast-1,c5.large,25.5675
ap-southeast-1,c5.xlarge,57.4904
ap-southeast-1,c5d.18xlarge,2945.3760
ap-southeast-1,c5d.2xlarge,96.0607
ap-southeast-1,c5d.4xlarge,390.1601
ap-southeast-1,c5d.xlarge,45.5102
ap-southeast-1,d2.2xlarge,381.3210
ap-southeast-1,d2.4xlarge,2542.1400
ap-southeast-1,d2.8xlarge,5084.2800
ap-southeast-1,d2.xlarge,190.6605
ap-southeast-1,g2.2xlarge,223.6791
ap-southeast-1,g2.8xlarge,876.6000
ap-southeast-1,g3.4xlarge,419.8914
ap-southeast-1,i2.2xlarge,445.9703
ap-southeast-1,i2.4xlarge,891.9405
ap-southeast-1,i2.8xlarge,1783.8810
ap-southeast-1,i2.xlarge,223.0947
ap-southeast-1,i3.16xlarge,1311.3936
ap-southeast-1,i3.4xlarge,327.8484
ap-southeast-1,i3.8xlarge,655.6968
ap-southeast-1,m1.large,17.0206
ap-southeast-1,m1.small,4.2369
ap-southeast-1,m2.2xlarge,43.2456
ap-southeast-1,m2.4xlarge,86.4181
ap-southeast-1,m2.xlarge,21.6228
ap-southeast-1,m3.2xlarge,86.6373
ap-southeast-1,m3.large,21.7689
ap-southeast-1,m3.medium,7.1589
ap-southeast-1,m3.xlarge,43.3186
ap-southeast-1,m4.10xlarge,476.6513
ap-southeast-1,m4.2xlarge,100.2977
ap-southeast-1,m4.4xlarge,224.4096
ap-southeast-1,m4.xlarge,55.0067
ap-southeast-1,m5.12xlarge,573.2964
ap-southeast-1,m5.2xlarge,110.7438
ap-southeast-1,m5.4xlarge,213.4521
ap-southeast-1,m5.large,28.5626
ap-southeast-1,m5.metal,764.3952
ap-southeast-1,m5.xlarge,47.8478
ap-southeast-1,m5a.12xlarge,1893.4560
ap-southeast-1,m5a.24xlarge,3786.9120
ap-southeast-1,m5a.2xlarge,315.5760
ap-southeast-1,m5a.4xlarge,631.1520
ap-southeast-1,m5a.large,23.8873
ap-southeast-1,m5a.xlarge,48.4322
ap-southeast-1,m5d.12xlarge,2472.0120
ap-southeast-1,m5d.24xlarge,4042.1487
ap-southeast-1,m5d.4xlarge,431.2142
ap-southeast-1,m5d.large,55.4449
ap-southeast-1,m5d.metal,4944.0240
ap-southeast-1,m5d.xlarge,206.0010
ap-southeast-1,p2.8xlarge,3011.9976
ap-southeast-1,p2.xlarge,445.4589
ap-southeast-1,p3.8xlarge,14554.4820
ap-southeast-1,r3.2xlarge,102.8544
ap-southeast-1,r3.4xlarge,186.4236
ap-southeast-1,r3.8xlarge,393.8856
ap-southeast-1,r3.xlarge,46.1676
ap-southeast-1,r4.16xlarge,762.6420
ap-southeast-1,r4.2xlarge,105.2651
ap-southeast-1,r4.4xlarge,206.2201
ap-southeast-1,r4.8xlarge,445.7511
ap-southeast-1,r4.large,26.2249
ap-southeast-1,r5.12xlarge,2664.8640
ap-southeast-1,r5.24xlarge,3939.0752
ap-southeast-1,r5.2xlarge,100.0785
ap-southeast-1,r5.4xlarge,200.2301
ap-southeast-1,r5.large,36.7441
ap-southeast-1,r5.metal,5329.7280
ap-southeast-1,r5.xlarge,50.0393
ap-southeast-1,r5a.12xlarge,2384.3520
ap-southeast-1,r5a.24xlarge,4768.7040
ap-southeast-1,r5a.2xlarge,100.0785
ap-southeast-1,r5a.4xlarge,249.2466
ap-southeast-1,r5a.large,33.3108
ap-southeast-1,r5a.xlarge,65.4528
ap-southeast-1,r5d.12xlarge,3050.5680
ap-southeast-1,r5d.24xlarge,6101.1360
ap-southeast-1,r5d.2xlarge,100.0785
ap-southeast-1,r5d.4xlarge,276.5673
ap-southeast-1,r5d.large,25.0561
ap-southeast-1,r5d.metal,6101.1360
ap-southeast-1,r5d.xlarge,50.0393
ap-southeast-1,t2.2xlarge,102.4161
ap-southeast-1,t2.large,25.5675
ap-southeast-1,t2.micro,3.2142
ap-southeast-1,t2.small,6.4284
ap-southeast-1,t2.xlarge,51.2081
ap-southeast-1,t3.large,23.0108
ap-southeast-1,t3.medium,11.5419
ap-southeast-1,t3.micro,2.8489
ap-southeast-1,t3.small,5.7710
ap-southeast-1,t3.xlarge,46.0946
ap-southeast-1,x1.32xlarge,14128.6005
ap-southeast-1,z1d.12xlarge,3962.2320
ap-southeast-1,z1d.2xlarge,660.3720
ap-southeast-1,z1d.3xlarge,990.5580
ap-southeast-1,z1d.6xlarge,1981.1160
ap-southeast-1,z1d.large,49.5279
ap-southeast-1,z1d.metal,3962.2320
ap-southeast-1,z1d.xlarge,99.0558
ap-southeast-2,c1.xlarge,478.4775
ap-southeast-2,c3.2xlarge,91.7508
ap-southeast-2,c3.4xlarge,182.6250
ap-southeast-2,c3.8xlarge,365.2500
ap-southeast-2,c3.large,22.8647
ap-southeast-2,c3.xlarge,45.6562
ap-southeast-2,c4.2xlarge,105.2651
ap-southeast-2,c4.4xlarge,191.7563
ap-southeast-2,c4.8xlarge,383.5125
ap-southeast-2,c4.large,24.3257
ap-southeast-2,c4.xlarge,48.0669
ap-southeast-2,c5.18xlarge,906.1122
ap-southeast-2,c5.2xlarge,109.2097
ap-southeast-2,c5.4xlarge,201.3258
ap-southeast-2,c5.9xlarge,453.0561
ap-southeast-2,c5.large,25.4945
ap-southeast-2,c5.xlarge,50.8428
ap-southeast-2,c5d.18xlarge,957.5394
ap-southeast-2,c5d.2xlarge,100.6629
ap-southeast-2,c5d.4xlarge,211.9181
ap-southeast-2,c5d.9xlarge,1656.7740
ap-southeast-2,c5d.large,25.2023
ap-southeast-2,c5d.xlarge,50.3314
ap-southeast-2,d2.2xlarge,1271.0700
ap-southeast-2,d2.4xlarge,2542.1400
ap-southeast-2,d2.8xlarge,3219.7518
ap-southeast-2,d2.xlarge,190.6605
ap-southeast-2,g2.2xlarge,227.2586
ap-southeast-2,g2.8xlarge,2623.9560
ap-southeast-2,g3.16xlarge,5125.1880
ap-southeast-2,g3.4xlarge,541.9579
ap-southeast-2,g3.8xlarge,2562.5940
ap-southeast-2,g3s.xlarge,252.8991
ap-southeast-2,i2.4xlarge,2973.1350
ap-southeast-2,i2.8xlarge,5946.2700
ap-southeast-2,i2.xlarge,229.0848
ap-southeast-2,i3.16xlarge,4371.3120
ap-southeast-2,i3.4xlarge,1092.8280
ap-southeast-2,i3.8xlarge,2185.6560
ap-southeast-2,i3.large,136.6035
ap-southeast-2,i3.xlarge,273.2070
ap-southeast-2,m1.large,17.0206
ap-southeast-2,m1.medium,8.5468
ap-southeast-2,m1.small,7.0859
ap-southeast-2,m1.xlarge,34.1144
ap-southeast-2,m2.2xlarge,122.5049
ap-southeast-2,m2.4xlarge,864.1815
ap-southeast-2,m2.xlarge,45.8024
ap-southeast-2,m3.2xlarge,544.2225
ap-southeast-2,m3.large,64.5762
ap-southeast-2,m3.medium,6.7936
ap-southeast-2,m3.xlarge,48.2130
ap-southeast-2,m4.10xlarge,507.7706
ap-southeast-2,m4.16xlarge,805.4493
ap-southeast-2,m4.2xlarge,104.2424
ap-southeast-2,m4.4xlarge,204.9053
ap-southeast-2,m4.large,25.2023
ap-southeast-2,m4.xlarge,50.3314
ap-southeast-2,m5.12xlarge,634.2931
ap-southeast-2,m5.24xlarge,1268.5132
ap-southeast-2,m5.2xlarge,105.7034
ap-southeast-2,m5.4xlarge,212.0642
ap-southeast-2,m5.large,26.8094
ap-southeast-2,m5.xlarge,52.9612
ap-southeast-2,m5d.12xlarge,2489.5440
ap-southeast-2,m5d.24xlarge,1268.5132
ap-southeast-2,m5d.2xlarge,105.7034
ap-southeast-2,m5d.4xlarge,744.0873
ap-southeast-2,m5d.large,26.4441
ap-southeast-2,m5d.xlarge,52.8882
ap-southeast-2,p2.16xlarge,18022.8960
ap-southeast-2,p2.xlarge,383.0742
ap-southeast-2,p3.16xlarge,29108.9640
ap-southeast-2,r3.4xlarge,1165.8780
ap-southeast-2,r3.8xlarge,401.7750
ap-southeast-2,r3.large,32.5072
ap-southeast-2,r4.16xlarge,3730.6635
ap-southeast-2,r4.4xlarge,210.9684
ap-southeast-2,r4.8xlarge,421.9368
ap-southeast-2,r4.large,27.0285
ap-southeast-2,r4.xlarge,53.7648
ap-southeast-2,r5.12xlarge,2647.3320
ap-southeast-2,r5.24xlarge,5294.6640
ap-southeast-2,r5.2xlarge,110.7438
ap-southeast-2,r5.4xlarge,221.4876
ap-southeast-2,r5.large,37.4016
ap-southeast-2,r5.xlarge,62.6039
ap-southeast-2,r5d.12xlarge,3050.5680
ap-southeast-2,r5d.24xlarge,6101.1360
ap-southeast-2,r5d.2xlarge,110.7438
ap-southeast-2,r5d.4xlarge,1016.8560
ap-southeast-2,r5d.large,27.6860
ap-southeast-2,r5d.xlarge,55.4449
ap-southeast-2,t2.2xlarge,102.4161
ap-southeast-2,t2.large,25.5675
ap-southeast-2,t2.medium,12.7838
ap-southeast-2,t2.micro,3.2142
ap-southeast-2,t3.2xlarge,92.1160
ap-southeast-2,t3.large,23.0108
ap-southeast-2,t3.medium,11.5419
ap-southeast-2,t3.micro,2.8489
ap-southeast-2,t3.nano,1.4610
ap-southeast-2,t3.small,5.7710
ap-southeast-2,t3.xlarge,46.0946
ap-southeast-2,x1.16xlarge,7064.6655
ap-southeast-2,x1.32xlarge,14128.6005
ap-southeast-2,x1e.16xlarge,14130.7920
ap-southeast-2,x1e.2xlarge,529.9047
ap-southeast-2,x1e.32xlarge,28261.5840
ap-southeast-2,x1e.4xlarge,1059.8094
ap-southeast-2,x1e.8xlarge,7065.3960
ap-southeast-2,x1e.xlarge,264.9524
ca-central-1,c4.2xlarge,82.4004
ca-central-1,c4.4xlarge,160.9292
ca-central-1,c4.8xlarge,321.7852
ca-central-1,c4.large,20.0888
ca-central-1,c4.xlarge,40.2506
ca-central-1,c5.18xlarge,760.3044
ca-central-1,c5.2xlarge,85.6146
ca-central-1,c5.4xlarge,168.9646
ca-central-1,c5.9xlarge,445.0936
ca-central-1,c5.large,21.1115
ca-central-1,c5.xlarge,42.2229
ca-central-1,c5d.18xlarge,760.3044
ca-central-1,c5d.2xlarge,84.4458
ca-central-1,c5d.4xlarge,619.4640
ca-central-1,c5d.9xlarge,380.1522
ca-central-1,c5d.large,21.1115
ca-central-1,c5d.xlarge,42.2229
ca-central-1,d2.2xlarge,332.6697
ca-central-1,d2.4xlarge,665.3394
ca-central-1,d2.8xlarge,1330.6788
ca-central-1,d2.xlarge,166.3349
ca-central-1,g3.16xlarge,4137.5520
ca-central-1,g3.4xlarge,1034.3880
ca-central-1,g3.8xlarge,2068.7760
ca-central-1,i3.16xlarge,1206.2016
ca-central-1,i3.2xlarge,150.7752
ca-central-1,i3.4xlarge,301.5504
ca-central-1,i3.8xlarge,603.1008
ca-central-1,i3.large,37.6938
ca-central-1,i3.xlarge,75.3876
ca-central-1,m4.10xlarge,422.3751
ca-central-1,m4.16xlarge,675.7856
ca-central-1,m4.2xlarge,84.4458
ca-central-1,m4.4xlarge,168.9646
ca-central-1,m4.large,21.1115
ca-central-1,m4.xlarge,42.7343
ca-central-1,m5.12xlarge,532.1693
ca-central-1,m5.24xlarge,1064.4116
ca-central-1,m5.2xlarge,88.6827
ca-central-1,m5.4xlarge,177.3654
ca-central-1,m5.large,22.2072
ca-central-1,m5.xlarge,44.3413
ca-central-1,m5d.12xlarge,532.1693
ca-central-1,m5d.24xlarge,4418.0640
ca-central-1,m5d.2xlarge,88.6827
ca-central-1,m5d.4xlarge,177.3654
ca-central-1,m5d.large,22.2072
ca-central-1,m5d.xlarge,44.3413
ca-central-1,p3.16xlarge,19670.9040
ca-central-1,p3.2xlarge,737.6589
ca-central-1,p3.8xlarge,9835.4520
ca-central-1,r4.16xlarge,708.0006
ca-central-1,r4.2xlarge,89.6324
ca-central-1,r4.4xlarge,364.8847
ca-central-1,r4.8xlarge,354.0003
ca-central-1,r4.large,22.1342
ca-central-1,r4.xlarge,44.2683
ca-central-1,r5.12xlarge,2419.4160
ca-central-1,r5.24xlarge,4838.8320
ca-central-1,r5.2xlarge,92.9196
ca-central-1,r5.4xlarge,806.4720
ca-central-1,r5.large,23.2299
ca-central-1,r5.xlarge,46.4598
ca-central-1,r5d.12xlarge,2770.0560
ca-central-1,r5d.24xlarge,5540.1120
ca-central-1,r5d.2xlarge,92.9196
ca-central-1,r5d.4xlarge,923.3520
ca-central-1,r5d.large,23.2299
ca-central-1,r5d.xlarge,46.4598
ca-central-1,t2.2xlarge,89.7784
ca-central-1,t2.large,22.4263
ca-central-1,t2.medium,11.2497
ca-central-1,t2.micro,2.7759
ca-central-1,t2.small,5.6249
ca-central-1,t2.xlarge,44.8527
ca-central-1,t3.2xlarge,80.7933
ca-central-1,t3.large,20.2348
ca-central-1,t3.medium,10.0809
ca-central-1,t3.micro,2.5568
ca-central-1,t3.nano,1.2418
ca-central-1,t3.small,5.0404
ca-central-1,t3.xlarge,40.3967
ca-central-1,x1.16xlarge,1607.6844
ca-central-1,x1.32xlarge,3215.3688
eu-central-1,c3.2xlarge,87.8791
eu-central-1,c3.4xlarge,183.3555
eu-central-1,c3.8xlarge,351.5166
eu-central-1,c3.xlarge,43.9031
eu-central-1,c4.2xlarge,94.4537
eu-central-1,c4.4xlarge,252.0225
eu-central-1,c4.8xlarge,472.1221
eu-central-1,c4.large,24.4718
eu-central-1,c5.2xlarge,110.2325
eu-central-1,c5.9xlarge,435.9624
eu-central-1,c5.large,28.8547
eu-central-1,c5.xlarge,55.8102
eu-central-1,c5d.18xlarge,871.9248
eu-central-1,c5d.2xlarge,96.8643
eu-central-1,c5d.9xlarge,435.9624
eu-central-1,c5d.large,24.2526
eu-central-1,c5d.xlarge,48.4322
eu-central-1,d2.2xlarge,1160.0340
eu-central-1,d2.4xlarge,2320.0680
eu-central-1,d2.8xlarge,4640.1360
eu-central-1,d2.xlarge,174.0051
eu-central-1,g2.2xlarge,211.4067
eu-central-1,g2.8xlarge,2255.7840
eu-central-1,g3.16xlarge,4163.8500
eu-central-1,g3.4xlarge,424.5666
eu-central-1,g3.8xlarge,2081.9250
eu-central-1,g3s.xlarge,205.5627
eu-central-1,i2.2xlarge,443.9979
eu-central-1,i2.4xlarge,887.7767
eu-central-1,i2.8xlarge,1775.5533
eu-central-1,i2.xlarge,221.9989
eu-central-1,i3.16xlarge,1304.3808
eu-central-1,i3.2xlarge,204.6131
eu-central-1,i3.4xlarge,326.0952
eu-central-1,i3.large,40.7619
eu-central-1,i3.metal,1304.3808
eu-central-1,i3.xlarge,81.5238
eu-central-1,m3.2xlarge,92.2622
eu-central-1,m3.medium,5.7710
eu-central-1,m3.xlarge,46.1676
eu-central-1,m4.10xlarge,484.3946
eu-central-1,m4.16xlarge,774.9874
eu-central-1,m4.2xlarge,108.4793
eu-central-1,m4.4xlarge,193.7286
eu-central-1,m4.large,32.1420
eu-central-1,m4.xlarge,52.5230
eu-central-1,m5.12xlarge,610.3328
eu-central-1,m5.24xlarge,1220.6655
eu-central-1,m5.2xlarge,105.0459
eu-central-1,m5.4xlarge,203.4443
eu-central-1,m5.large,27.1016
eu-central-1,m5.metal,813.7770
eu-central-1,m5.xlarge,53.8379
eu-central-1,m5d.12xlarge,2384.3520
eu-central-1,m5d.24xlarge,2356.1547
eu-central-1,m5d.4xlarge,308.7093
eu-central-1,m5d.large,25.4214
eu-central-1,m5d.metal,4768.7040
eu-central-1,m5d.xlarge,50.8428
eu-central-1,p2.8xlarge,7749.1440
eu-central-1,p3.2xlarge,909.1072
eu-central-1,p3.8xlarge,11170.8060
eu-central-1,r3.2xlarge,99.7863
eu-central-1,r3.4xlarge,193.2903
eu-central-1,r3.8xlarge,386.7267
eu-central-1,r3.large,24.1795
eu-central-1,r3.xlarge,48.5783
eu-central-1,r4.16xlarge,816.9912
eu-central-1,r4.2xlarge,118.0488
eu-central-1,r4.4xlarge,205.9279
eu-central-1,r4.8xlarge,405.9389
eu-central-1,r4.large,25.4945
eu-central-1,r4.xlarge,50.7698
eu-central-1,r5.12xlarge,2664.8640
eu-central-1,r5.24xlarge,1305.7688
eu-central-1,r5.2xlarge,106.5799
eu-central-1,r5.4xlarge,213.1599
eu-central-1,r5.large,26.6632
eu-central-1,r5.metal,4926.5651
eu-central-1,r5.xlarge,53.2535
eu-central-1,r5d.12xlarge,3033.0360
eu-central-1,r5d.24xlarge,1278.8133
eu-central-1,r5d.2xlarge,505.5060
eu-central-1,r5d.4xlarge,1011.0120
eu-central-1,r5d.large,26.6632
eu-central-1,r5d.metal,6066.0720
eu-central-1,r5d.xlarge,53.4726
eu-central-1,t2.2xlarge,93.9423
eu-central-1,t2.large,23.5221
eu-central-1,t2.medium,11.7610
eu-central-1,t2.micro,2.9220
eu-central-1,t2.small,5.8440
eu-central-1,t2.xlarge,46.9711
eu-central-1,t3.2xlarge,87.4408
eu-central-1,t3.large,21.1845
eu-central-1,t3.medium,11.0305
eu-central-1,t3.micro,2.6298
eu-central-1,t3.nano,1.3149
eu-central-1,t3.small,5.2596
eu-central-1,t3.xlarge,45.2910
eu-central-1,x1.16xlarge,6820.6785
eu-central-1,x1.32xlarge,13641.3570
eu-central-1,x1e.16xlarge,13639.8960
eu-central-1,x1e.2xlarge,511.4961
eu-central-1,x1e.32xlarge,27279.7920
eu-central-1,x1e.4xlarge,3409.9740
eu-central-1,x1e.8xlarge,6819.9480
eu-north-1,c5.18xlarge,727.7971
eu-north-1,c5.2xlarge,79.7706
eu-north-1,c5.4xlarge,159.5412
eu-north-1,c5.9xlarge,358.9677
eu-north-1,c5.large,19.9427
eu-north-1,c5.xlarge,39.8853
eu-north-1,c5d.18xlarge,2734.9920
eu-north-1,c5d.2xlarge,79.7706
eu-north-1,c5d.4xlarge,607.7760
eu-north-1,c5d.9xlarge,1367.4960
eu-north-1,c5d.large,19.9427
eu-north-1,c5d.xlarge,39.8853
eu-north-1,d2.2xlarge,305.9334
eu-north-1,d2.4xlarge,2039.5560
eu-north-1,d2.8xlarge,4079.1120
eu-north-1,d2.xlarge,152.9667
eu-north-1,i3.16xlarge,3239.0370
eu-north-1,i3.2xlarge,142.8858
eu-north-1,i3.4xlarge,285.7716
eu-north-1,i3.8xlarge,571.5432
eu-north-1,i3.large,35.7214
eu-north-1,i3.xlarge,71.4429
eu-north-1,m5.12xlarge,1788.2640
eu-north-1,m5.24xlarge,3576.5280
eu-north-1,m5.2xlarge,83.7883
eu-north-1,m5.4xlarge,167.5036
eu-north-1,m5.large,20.9653
eu-north-1,m5.metal,670.0877
eu-north-1,m5.xlarge,41.8576
eu-north-1,m5d.12xlarge,2103.8400
eu-north-1,m5d.24xlarge,4207.6800
eu-north-1,m5d.2xlarge,83.7883
eu-north-1,m5d.4xlarge,701.2800
eu-north-1,m5d.large,20.9653
eu-north-1,m5d.metal,670.0877
eu-north-1,m5d.xlarge,41.8576
eu-north-1,r5.12xlarge,2349.2880
eu-north-1,r5.24xlarge,1052.9427
eu-north-1,r5.2xlarge,87.7331
eu-north-1,r5.4xlarge,175.4661
eu-north-1,r5.large,21.9150
eu-north-1,r5.metal,702.0105
eu-north-1,r5.xlarge,43.9031
eu-north-1,r5d.12xlarge,2664.8640
eu-north-1,r5d.24xlarge,5329.7280
eu-north-1,r5d.2xlarge,87.7331
eu-north-1,r5d.4xlarge,888.2880
eu-north-1,r5d.large,21.9150
eu-north-1,r5d.metal,5329.7280
eu-north-1,r5d.xlarge,43.9031
eu-north-1,t3.2xlarge,75.7528
eu-north-1,t3.large,18.9199
eu-north-1,t3.medium,9.4965
eu-north-1,t3.micro,2.3376
eu-north-1,t3.nano,1.1688
eu-north-1,t3.small,4.7482
eu-north-1,t3.xlarge,39.9583
eu-west-1,a1.2xlarge,52.0116
eu-west-1,a1.large,13.0029
eu-west-1,a1.xlarge,26.0058
eu-west-1,c1.medium,19.0661
eu-west-1,c1.xlarge,109.1367
eu-west-1,c3.2xlarge,92.4082
eu-west-1,c3.8xlarge,364.2273
eu-west-1,c3.large,22.7916
eu-west-1,c4.2xlarge,102.3431
eu-west-1,c4.4xlarge,193.8747
eu-west-1,c4.8xlarge,388.1147
eu-west-1,c5.2xlarge,117.0991
eu-west-1,c5.4xlarge,203.5904
eu-west-1,c5.9xlarge,451.7412
eu-west-1,c5.large,32.3611
eu-west-1,c5.xlarge,56.6137
eu-west-1,c5d.18xlarge,2138.5388
eu-west-1,c5d.2xlarge,100.3707
eu-west-1,c5d.4xlarge,236.1706
eu-west-1,c5d.9xlarge,585.4958
eu-west-1,c5d.large,27.6860
eu-west-1,c5d.xlarge,68.0096
eu-west-1,c5n.2xlarge,102.1969
eu-west-1,c5n.4xlarge,202.7138
eu-west-1,c5n.large,25.2753
eu-west-1,c5n.xlarge,50.1853
eu-west-1,d2.2xlarge,322.1505
eu-west-1,d2.8xlarge,1288.6020
eu-west-1,f1.16xlarge,10606.8600
eu-west-1,f1.4xlarge,795.5145
eu-west-1,g3.16xlarge,3535.6200
eu-west-1,g3.4xlarge,883.9050
eu-west-1,g3.8xlarge,1767.8100
eu-west-1,g3s.xlarge,174.4434
eu-west-1,h1.16xlarge,1169.4574
eu-west-1,h1.2xlarge,133.9006
eu-west-1,i2.2xlarge,411.1254
eu-west-1,i2.4xlarge,822.0316
eu-west-1,i2.xlarge,205.5627
eu-west-1,i3.16xlarge,4020.6720
eu-west-1,i3.2xlarge,502.5840
eu-west-1,i3.4xlarge,1005.1680
eu-west-1,i3.8xlarge,2010.3360
eu-west-1,i3.large,125.6460
eu-west-1,m1.medium,6.9397
eu-west-1,m2.2xlarge,40.1775
eu-west-1,m2.4xlarge,80.3550
eu-west-1,m2.xlarge,20.0888
eu-west-1,m3.2xlarge,95.6224
eu-west-1,m3.xlarge,47.7747
eu-west-1,m4.2xlarge,116.5878
eu-west-1,m4.4xlarge,203.1521
eu-west-1,m4.large,25.2753
eu-west-1,m5.12xlarge,632.3939
eu-west-1,m5.24xlarge,1264.7877
eu-west-1,m5.4xlarge,211.6989
eu-west-1,m5.large,26.5902
eu-west-1,m5.metal,843.2162
eu-west-1,m5a.24xlarge,1264.7877
eu-west-1,m5a.2xlarge,117.8297
eu-west-1,m5a.large,26.3711
eu-west-1,m5d.24xlarge,1268.1480
eu-west-1,m5d.2xlarge,114.9807
eu-west-1,m5d.4xlarge,220.0996
eu-west-1,m5d.large,26.3711
eu-west-1,m5d.metal,843.2162
eu-west-1,m5d.xlarge,53.3995
eu-west-1,p2.16xlarge,11360.7360
eu-west-1,p2.8xlarge,5680.3680
eu-west-1,p2.xlarge,215.7167
eu-west-1,p3.16xlarge,5794.3260
eu-west-1,p3.2xlarge,796.6833
eu-west-1,p3.8xlarge,3872.1614
eu-west-1,r3.2xlarge,125.7190
eu-west-1,r3.4xlarge,250.6346
eu-west-1,r3.8xlarge,432.3099
eu-west-1,r3.xlarge,51.3542
eu-west-1,r4.16xlarge,841.3168
eu-west-1,r4.2xlarge,139.5985
eu-west-1,r4.4xlarge,220.6110
eu-west-1,r4.8xlarge,456.9277
eu-west-1,r4.large,26.2980
eu-west-1,r4.xlarge,53.3265
eu-west-1,r5.4xlarge,227.3316
eu-west-1,r5.xlarge,58.9513
eu-west-1,r5a.4xlarge,242.3068
eu-west-1,r5a.large,27.6129
eu-west-1,r5d.24xlarge,5610.2400
eu-west-1,r5d.large,92.6274
eu-west-1,r5d.xlarge,59.9741
eu-west-1,t1.micro,1.6071
eu-west-1,t2.large,22.0611
eu-west-1,t2.micro,2.7759
eu-west-1,t2.small,5.4787
eu-west-1,t2.xlarge,44.1953
eu-west-1,t3.2xlarge,231.6415
eu-west-1,t3.large,21.6959
eu-west-1,t3.medium,9.9348
eu-west-1,t3.xlarge,44.9258
eu-west-1,x1.16xlarge,5846.1915
eu-west-1,x1.32xlarge,4402.5774
eu-west-1,x1e.16xlarge,11688.0000
eu-west-1,x1e.2xlarge,438.3000
eu-west-1,x1e.32xlarge,23376.0000
eu-west-1,x1e.4xlarge,876.6000
eu-west-1,x1e.8xlarge,3392.5881
eu-west-1,z1d.large,117.0991
eu-west-2,c4.2xlarge,87.4408
eu-west-2,c4.4xlarge,174.8817
eu-west-2,c4.8xlarge,349.7634
eu-west-2,c4.large,25.7136
eu-west-2,c4.xlarge,43.6839
eu-west-2,c5.18xlarge,826.2686
eu-west-2,c5.2xlarge,91.8238
eu-west-2,c5.4xlarge,183.5746
eu-west-2,c5.9xlarge,413.0977
eu-west-2,c5.large,22.9377
eu-west-2,c5.xlarge,46.0946
eu-west-2,c5d.18xlarge,826.2686
eu-west-2,c5d.2xlarge,336.0300
eu-west-2,c5d.4xlarge,672.0600
eu-west-2,c5d.9xlarge,1512.1350
eu-west-2,c5d.large,22.9377
eu-west-2,c5d.xlarge,45.8754
eu-west-2,d2.2xlarge,338.3676
eu-west-2,d2.4xlarge,2255.0535
eu-west-2,d2.8xlarge,4510.1070
eu-west-2,d2.xlarge,169.1838
eu-west-2,i3.16xlarge,4231.0560
eu-west-2,i3.2xlarge,528.8820
eu-west-2,i3.4xlarge,1057.7640
eu-west-2,i3.8xlarge,2115.5280
eu-west-2,i3.large,132.2205
eu-west-2,i3.xlarge,264.4410
eu-west-2,m4.10xlarge,459.0462
eu-west-2,m4.16xlarge,2711.6160
eu-west-2,m4.2xlarge,91.8238
eu-west-2,m4.4xlarge,183.5746
eu-west-2,m4.large,23.4490
eu-west-2,m4.xlarge,46.1676
eu-west-2,m5.12xlarge,578.4099
eu-west-2,m5.24xlarge,1156.7468
eu-west-2,m5.2xlarge,97.0834
eu-west-2,m5.4xlarge,192.7790
eu-west-2,m5.large,24.1795
eu-west-2,m5.metal,771.1889
eu-west-2,m5.xlarge,48.2130
eu-west-2,m5d.12xlarge,2296.6920
eu-west-2,m5d.24xlarge,1156.7468
eu-west-2,m5d.2xlarge,101.0282
eu-west-2,m5d.4xlarge,765.5640
eu-west-2,m5d.large,24.1065
eu-west-2,m5d.xlarge,48.8704
eu-west-2,p3.16xlarge,20974.1160
eu-west-2,p3.2xlarge,989.2431
eu-west-2,p3.8xlarge,10487.0580
eu-west-2,r4.16xlarge,3646.6560
eu-west-2,r4.2xlarge,96.2069
eu-west-2,r4.4xlarge,192.3406
eu-west-2,r4.8xlarge,1823.3280
eu-west-2,r4.large,24.0334
eu-west-2,r4.xlarge,48.0669
eu-west-2,r5.12xlarge,2594.7360
eu-west-2,r5.24xlarge,5189.4720
eu-west-2,r5.2xlarge,432.4560
eu-west-2,r5.4xlarge,864.9120
eu-west-2,r5.large,25.2753
eu-west-2,r5.xlarge,50.4775
eu-west-2,r5d.12xlarge,2962.9080
eu-west-2,r5d.24xlarge,3681.0626
eu-west-2,r5d.2xlarge,493.8180
eu-west-2,r5d.4xlarge,987.6360
eu-west-2,r5d.large,25.2753
eu-west-2,r5d.xlarge,50.4775
eu-west-2,t2.2xlarge,92.5543
eu-west-2,t2.large,23.1568
eu-west-2,t2.medium,11.3958
eu-west-2,t2.micro,2.9220
eu-west-2,t2.small,5.6979
eu-west-2,t2.xlarge,46.3137
eu-west-2,t3.2xlarge,83.2770
eu-west-2,t3.large,20.8193
eu-west-2,t3.medium,10.4461
eu-west-2,t3.micro,2.6298
eu-west-2,t3.nano,1.3149
eu-west-2,t3.small,5.1865
eu-west-2,t3.xlarge,41.6385
eu-west-2,x1.16xlarge,1841.5175
eu-west-2,x1.32xlarge,3683.0349
eu-west-3,c5.18xlarge,796.8294
eu-west-3,c5.2xlarge,94.7459
eu-west-3,c5.4xlarge,177.0732
eu-west-3,c5.9xlarge,398.4147
eu-west-3,c5.large,22.1342
eu-west-3,c5.xlarge,45.7293
eu-west-3,c5d.18xlarge,796.8294
eu-west-3,c5d.2xlarge,236.5359
eu-west-3,c5d.4xlarge,672.0600
eu-west-3,c5d.9xlarge,398.4147
eu-west-3,c5d.large,22.1342
eu-west-3,c5d.xlarge,44.2683
eu-west-3,d2.2xlarge,565.4070
eu-west-3,d2.4xlarge,2255.7840
eu-west-3,d2.8xlarge,4511.5680
eu-west-3,d2.xlarge,169.1838
eu-west-3,i3.16xlarge,4231.0560
eu-west-3,i3.2xlarge,158.6646
eu-west-3,i3.4xlarge,317.3292
eu-west-3,i3.8xlarge,1686.5784
eu-west-3,i3.large,39.6661
eu-west-3,i3.xlarge,79.3323
eu-west-3,m5.12xlarge,557.8098
eu-west-3,m5.24xlarge,1115.5466
eu-west-3,m5.2xlarge,92.9926
eu-west-3,m5.4xlarge,185.9123
eu-west-3,m5.large,23.2299
eu-west-3,m5.metal,743.7220
eu-west-3,m5.xlarge,47.0442
eu-west-3,m5d.12xlarge,2314.2240
eu-west-3,m5d.24xlarge,4628.4480
eu-west-3,m5d.2xlarge,385.7040
eu-west-3,m5d.4xlarge,771.4080
eu-west-3,m5d.large,42.4421
eu-west-3,m5d.metal,743.7220
eu-west-3,m5d.xlarge,192.8520
eu-west-3,r4.16xlarge,3646.6560
eu-west-3,r4.2xlarge,99.6402
eu-west-3,r4.4xlarge,185.4740
eu-west-3,r4.8xlarge,1823.3280
eu-west-3,r4.large,23.1568
eu-west-3,r4.xlarge,46.3867
eu-west-3,r5.12xlarge,2594.7360
eu-west-3,r5.24xlarge,5189.4720
eu-west-3,r5.2xlarge,101.1743
eu-west-3,r5.4xlarge,864.9120
eu-west-3,r5.large,24.3257
eu-west-3,r5.metal,5189.4720
eu-west-3,r5.xlarge,48.7244
eu-west-3,r5d.12xlarge,2962.9080
eu-west-3,r5d.24xlarge,3251.4555
eu-west-3,r5d.2xlarge,97.3757
eu-west-3,r5d.4xlarge,987.6360
eu-west-3,r5d.large,24.3257
eu-west-3,r5d.metal,5925.8160
eu-west-3,r5d.xlarge,48.7244
eu-west-3,t2.2xlarge,92.5543
eu-west-3,t2.large,23.1568
eu-west-3,t2.medium,11.5419
eu-west-3,t2.micro,2.9220
eu-west-3,t2.small,5.7710
eu-west-3,t2.xlarge,46.3137
eu-west-3,t3.2xlarge,275.8368
eu-west-3,t3.large,68.9592
eu-west-3,t3.medium,34.4796
eu-west-3,t3.micro,8.6199
eu-west-3,t3.nano,4.3099
eu-west-3,t3.small,17.2398
eu-west-3,t3.xlarge,137.9184
eu-west-3,x1.16xlarge,6138.3915
eu-west-3,x1.32xlarge,12276.7830
sa-east-1,c1.medium,51.2811
sa-east-1,c1.xlarge,239.8962
sa-east-1,c3.2xlarge,108.1140
sa-east-1,c3.4xlarge,216.2280
sa-east-1,c3.8xlarge,432.4560
sa-east-1,c3.large,27.0285
sa-east-1,c3.xlarge,54.1300
sa-east-1,c4.2xlarge,113.5197
sa-east-1,c4.4xlarge,227.0394
sa-east-1,c4.8xlarge,454.0788
sa-east-1,c4.large,28.3434
sa-east-1,c4.xlarge,56.7599
sa-east-1,c5.18xlarge,1072.7393
sa-east-1,c5.2xlarge,119.2176
sa-east-1,c5.4xlarge,238.3621
sa-east-1,c5.9xlarge,536.3331
sa-east-1,c5.large,29.8044
sa-east-1,c5.xlarge,71.3698
sa-east-1,i3.16xlarge,6685.5360
sa-east-1,i3.2xlarge,250.7076
sa-east-1,i3.4xlarge,501.4152
sa-east-1,i3.8xlarge,1002.8304
sa-east-1,i3.large,62.6769
sa-east-1,i3.xlarge,125.3538
sa-east-1,m1.large,17.0206
sa-east-1,m1.medium,8.5468
sa-east-1,m1.small,4.2369
sa-east-1,m1.xlarge,34.1144
sa-east-1,m2.2xlarge,47.1172
sa-east-1,m2.4xlarge,94.3075
sa-east-1,m2.xlarge,23.5952
sa-east-1,m3.2xlarge,113.5197
sa-east-1,m3.large,28.3434
sa-east-1,m3.medium,6.9397
sa-east-1,m3.xlarge,58.2939
sa-east-1,m4.10xlarge,595.9419
sa-east-1,m4.16xlarge,953.5216
sa-east-1,m4.2xlarge,119.2176
sa-east-1,m4.4xlarge,238.3621
sa-east-1,m4.large,29.8044
sa-east-1,m4.xlarge,66.5485
sa-east-1,m5.12xlarge,750.8810
sa-east-1,m5.24xlarge,1501.8349
sa-east-1,m5.2xlarge,128.4219
sa-east-1,m5.4xlarge,250.2693
sa-east-1,m5.large,31.2654
sa-east-1,m5.xlarge,80.1359
sa-east-1,r3.2xlarge,118.9254
sa-east-1,r3.4xlarge,707.2701
sa-east-1,r3.8xlarge,475.7747
sa-east-1,r3.large,29.7313
sa-east-1,r3.xlarge,59.4627
sa-east-1,r4.16xlarge,6545.2800
sa-east-1,r4.2xlarge,149.0220
sa-east-1,r4.4xlarge,249.7580
sa-east-1,r4.8xlarge,565.2609
sa-east-1,r4.large,31.1923
sa-east-1,r4.xlarge,62.4578
sa-east-1,t1.micro,1.9723
sa-east-1,t2.2xlarge,130.4673
sa-east-1,t2.large,32.5803
sa-east-1,t2.medium,16.2902
sa-east-1,t2.micro,4.0908
sa-east-1,t2.small,8.1816
sa-east-1,t2.xlarge,65.2337
sa-east-1,t3.2xlarge,117.3914
sa-east-1,t3.large,29.3661
sa-east-1,t3.medium,14.6830
sa-east-1,t3.micro,3.6525
sa-east-1,t3.nano,1.8262
sa-east-1,t3.small,7.3780
sa-east-1,t3.xlarge,58.6592
sa-east-1,x1.16xlarge,9500.1525
sa-east-1,x1.32xlarge,19000.3050
us-east-1,a1.large,12.2724
us-east-1,c1.medium,42.6612
us-east-1,c1.xlarge,105.2651
us-east-1,c3.2xlarge,85.8337
us-east-1,c3.4xlarge,171.6675
us-east-1,c4.2xlarge,100.5168
us-east-1,c4.4xlarge,364.8847
us-east-1,c4.8xlarge,378.7642
us-east-1,c4.xlarge,45.0718
us-east-1,c5.2xlarge,97.5948
us-east-1,c5.4xlarge,260.2041
us-east-1,c5.9xlarge,425.8815
us-east-1,c5.large,31.9959
us-east-1,c5.xlarge,53.8379
us-east-1,c5d.18xlarge,925.2513
us-east-1,c5d.2xlarge,128.4950
us-east-1,c5d.4xlarge,222.8025
us-east-1,c5d.9xlarge,435.8163
us-east-1,c5d.large,26.0058
us-east-1,c5d.xlarge,52.3038
us-east-1,c5n.18xlarge,986.1750
us-east-1,c5n.2xlarge,96.2799
us-east-1,c5n.4xlarge,257.1360
us-east-1,c5n.9xlarge,525.8139
us-east-1,c5n.xlarge,59.2436
us-east-1,g2.2xlarge,245.4480
us-east-1,g2.8xlarge,569.7900
us-east-1,g3.4xlarge,315.5760
us-east-1,g3.8xlarge,499.6620
us-east-1,g3s.xlarge,304.2532
us-east-1,h1.2xlarge,123.6737
us-east-1,i2.2xlarge,373.6508
us-east-1,i2.4xlarge,747.3015
us-east-1,i2.8xlarge,1494.6030
us-east-1,i2.xlarge,186.9350
us-east-1,i3.16xlarge,3646.6560
us-east-1,i3.2xlarge,169.5490
us-east-1,i3.4xlarge,318.5711
us-east-1,i3.8xlarge,1823.3280
us-east-1,i3.large,113.9580
us-east-1,i3.metal,1322.9355
us-east-1,m1.large,21.4037
us-east-1,m1.medium,57.1981
us-east-1,m1.small,32.1420
us-east-1,m3.2xlarge,98.0331
us-east-1,m3.large,22.4994
us-east-1,m3.xlarge,46.5329
us-east-1,m4.10xlarge,486.8052
us-east-1,m4.16xlarge,843.9466
us-east-1,m4.2xlarge,124.4772
us-east-1,m4.4xlarge,227.7699
us-east-1,m4.xlarge,50.5506
us-east-1,m5.2xlarge,118.5601
us-east-1,m5.4xlarge,247.6395
us-east-1,m5.large,26.0788
us-east-1,m5.xlarge,55.2258
us-east-1,m5a.12xlarge,605.6576
us-east-1,m5a.24xlarge,1216.2825
us-east-1,m5a.2xlarge,110.0863
us-east-1,m5a.4xlarge,211.5528
us-east-1,m5a.xlarge,50.9158
us-east-1,m5d.12xlarge,717.0588
us-east-1,m5d.2xlarge,180.2143
us-east-1,m5d.4xlarge,238.0700
us-east-1,m5d.metal,794.9301
us-east-1,m5d.xlarge,58.6592
us-east-1,p2.16xlarge,10519.2000
us-east-1,p2.xlarge,284.9681
us-east-1,p3.16xlarge,5561.1504
us-east-1,p3.2xlarge,1175.6667
us-east-1,p3.8xlarge,8941.3200
us-east-1,r3.2xlarge,108.5523
us-east-1,r3.4xlarge,201.8371
us-east-1,r3.8xlarge,387.0920
us-east-1,r3.xlarge,47.7747
us-east-1,r4.16xlarge,886.5348
us-east-1,r4.2xlarge,107.3835
us-east-1,r4.4xlarge,277.3709
us-east-1,r4.8xlarge,462.6987
us-east-1,r4.xlarge,50.9158
us-east-1,r5.12xlarge,634.9506
us-east-1,r5.24xlarge,1249.3741
us-east-1,r5.2xlarge,123.1623
us-east-1,r5.4xlarge,259.7658
us-east-1,r5.large,26.9555
us-east-1,r5.xlarge,63.6996
us-east-1,r5a.12xlarge,1075.0768
us-east-1,r5a.24xlarge,1306.7914
us-east-1,r5a.2xlarge,115.1268
us-east-1,r5a.4xlarge,226.6011
us-east-1,r5a.large,26.0058
us-east-1,r5a.xlarge,53.6187
us-east-1,r5d.12xlarge,644.8124
us-east-1,r5d.24xlarge,4593.8954
us-east-1,r5d.2xlarge,111.3282
us-east-1,r5d.4xlarge,210.3840
us-east-1,r5d.large,26.2249
us-east-1,r5d.metal,3821.9030
us-east-1,r5d.xlarge,79.9898
us-east-1,t2.micro,2.5568
us-east-1,t2.small,5.0404
us-east-1,t3.2xlarge,85.8337
us-east-1,t3.large,19.4313
us-east-1,t3.micro,2.2645
us-east-1,t3.nano,3.7986
us-east-1,t3.small,4.6021
us-east-1,t3.xlarge,47.8478
us-east-1,x1e.8xlarge,4873.8960
us-east-1,z1d.6xlarge,639.3336
us-east-1,z1d.large,135.8730
us-east-1,z1d.metal,3260.9520
us-east-1,z1d.xlarge,174.1512
us-east-2,a1.2xlarge,28.7817
us-east-2,a1.4xlarge,57.5634
us-east-2,a1.large,7.1589
us-east-2,a1.medium,3.5795
us-east-2,a1.xlarge,14.3909
us-east-2,c4.2xlarge,53.6187
us-east-2,c4.4xlarge,105.7764
us-east-2,c4.8xlarge,211.5528
us-east-2,c4.large,13.2220
us-east-2,c4.xlarge,27.1016
us-east-2,c5.18xlarge,544.8800
us-east-2,c5.2xlarge,68.8862
us-east-2,c5.4xlarge,111.4013
us-east-2,c5.9xlarge,251.8033
us-east-2,c5.large,14.2447
us-east-2,c5.xlarge,27.7590
us-east-2,c5d.18xlarge,632.3939
us-east-2,c5d.2xlarge,59.6818
us-east-2,c5d.4xlarge,132.0014
us-east-2,c5d.9xlarge,249.9771
us-east-2,c5d.large,13.8795
us-east-2,c5d.xlarge,28.1242
us-east-2,c5n.2xlarge,315.5760
us-east-2,c5n.4xlarge,712.9680
us-east-2,c5n.9xlarge,1420.0920
us-east-2,c5n.large,13.8795
us-east-2,c5n.xlarge,137.1879
us-east-2,d2.2xlarge,1008.0900
us-east-2,d2.4xlarge,604.8540
us-east-2,d2.8xlarge,1523.6039
us-east-2,d2.xlarge,151.2135
us-east-2,g3.16xlarge,3331.0800
us-east-2,g3.4xlarge,832.7700
us-east-2,g3s.xlarge,172.1788
us-east-2,h1.16xlarge,3214.2000
us-east-2,h1.2xlarge,120.5325
us-east-2,h1.4xlarge,803.5500
us-east-2,h1.8xlarge,1607.1000
us-east-2,i2.2xlarge,1245.5025
us-east-2,i2.4xlarge,2491.0050
us-east-2,i2.8xlarge,4982.0100
us-east-2,i2.xlarge,186.9350
us-east-2,i3.2xlarge,153.7702
us-east-2,i3.4xlarge,273.4992
us-east-2,i3.large,34.1874
us-east-2,i3.metal,1093.9968
us-east-2,i3.xlarge,68.3748
us-east-2,m4.10xlarge,277.6630
us-east-2,m4.16xlarge,577.1681
us-east-2,m4.2xlarge,61.8003
us-east-2,m4.4xlarge,113.0084
us-east-2,m4.large,13.8795
us-east-2,m4.xlarge,28.2703
us-east-2,m5.12xlarge,447.8696
us-east-2,m5.24xlarge,699.6729
us-east-2,m5.2xlarge,61.1428
us-east-2,m5.4xlarge,118.7063
us-east-2,m5.large,14.6100
us-east-2,m5.metal,631.7364
us-east-2,m5.xlarge,29.1470
us-east-2,m5a.12xlarge,1507.7520
us-east-2,m5a.24xlarge,699.6729
us-east-2,m5a.2xlarge,58.7322
us-east-2,m5a.4xlarge,502.5840
us-east-2,m5a.large,14.6100
us-east-2,m5a.xlarge,29.1470
us-east-2,m5d.12xlarge,349.8365
us-east-2,m5d.24xlarge,704.7864
us-east-2,m5d.2xlarge,71.1507
us-east-2,m5d.4xlarge,131.4900
us-east-2,m5d.xlarge,39.5931
us-east-2,p2.16xlarge,10519.2000
us-east-2,p2.8xlarge,5259.6000
us-east-2,p2.xlarge,218.3465
us-east-2,p3.16xlarge,7301.2014
us-east-2,p3.2xlarge,1517.2485
us-east-2,p3.8xlarge,3751.7750
us-east-2,r3.2xlarge,62.0925
us-east-2,r3.4xlarge,116.2225
us-east-2,r3.8xlarge,231.9338
us-east-2,r3.large,13.8795
us-east-2,r3.xlarge,27.6860
us-east-2,r4.16xlarge,528.2245
us-east-2,r4.2xlarge,59.0244
us-east-2,r4.4xlarge,123.3084
us-east-2,r4.8xlarge,391.4750
us-east-2,r4.large,14.5370
us-east-2,r4.xlarge,31.1193
us-east-2,r5.12xlarge,2214.8760
us-east-2,r5.24xlarge,956.2245
us-east-2,r5.2xlarge,61.8733
us-east-2,r5.4xlarge,125.4999
us-east-2,r5.large,15.2674
us-east-2,r5.metal,2354.7668
us-east-2,r5.xlarge,30.5349
us-east-2,r5a.12xlarge,1981.1160
us-east-2,r5a.24xlarge,3962.2320
us-east-2,r5a.2xlarge,61.0698
us-east-2,r5a.4xlarge,660.3720
us-east-2,r5a.large,15.2674
us-east-2,r5a.xlarge,30.5349
us-east-2,r5d.12xlarge,2516.5725
us-east-2,r5d.24xlarge,733.2029
us-east-2,r5d.2xlarge,61.0698
us-east-2,r5d.4xlarge,838.6140
us-east-2,r5d.large,15.2674
us-east-2,r5d.metal,2224.0073
us-east-2,r5d.xlarge,30.5349
us-east-2,t2.2xlarge,81.3777
us-east-2,t2.large,20.3079
us-east-2,t2.medium,10.1540
us-east-2,t2.micro,2.5568
us-east-2,t2.small,5.0404
us-east-2,t2.xlarge,40.6889
us-east-2,t3.2xlarge,73.1961
us-east-2,t3.large,18.3356
us-east-2,t3.medium,9.1313
us-east-2,t3.micro,2.2645
us-east-2,t3.nano,1.1688
us-east-2,t3.small,4.6021
us-east-2,t3.xlarge,36.5981
us-east-2,x1.16xlarge,1461.5113
us-east-2,x1.32xlarge,9743.4090
us-west-1,c1.medium,30.2427
us-west-1,c1.xlarge,184.0130
us-west-1,c3.2xlarge,81.5238
us-west-1,c3.8xlarge,326.2413
us-west-1,c3.xlarge,49.0166
us-west-1,c4.2xlarge,85.6146
us-west-1,c4.4xlarge,173.4207
us-west-1,c4.8xlarge,342.5314
us-west-1,c4.large,21.4037
us-west-1,c4.xlarge,42.8073
us-west-1,c5.18xlarge,809.2479
us-west-1,c5.2xlarge,96.7182
us-west-1,c5.4xlarge,403.9665
us-west-1,c5.9xlarge,413.3899
us-west-1,c5.large,23.4490
us-west-1,c5.xlarge,48.1399
us-west-1,c5d.2xlarge,89.9246
us-west-1,c5d.4xlarge,246.1785
us-west-1,c5d.9xlarge,506.8939
us-west-1,c5d.large,22.4994
us-west-1,c5d.xlarge,44.9258
us-west-1,d2.2xlarge,342.5314
us-west-1,d2.8xlarge,4565.6250
us-west-1,g2.2xlarge,157.5688
us-west-1,g2.8xlarge,615.3732
us-west-1,g3.4xlarge,478.7697
us-west-1,g3.8xlarge,2146.8664
us-west-1,i2.2xlarge,411.1254
us-west-1,i2.xlarge,205.5627
us-west-1,i3.2xlarge,212.1372
us-west-1,i3.4xlarge,339.9016
us-west-1,i3.8xlarge,603.1008
us-west-1,i3.large,45.9484
us-west-1,i3.metal,1206.2016
us-west-1,i3.xlarge,98.7636
us-west-1,m1.large,13.8795
us-west-1,m1.medium,6.9397
us-west-1,m1.small,3.4334
us-west-1,m1.xlarge,27.6860
us-west-1,m2.2xlarge,40.1775
us-west-1,m2.4xlarge,94.0153
us-west-1,m2.xlarge,20.0888
us-west-1,m3.2xlarge,86.7103
us-west-1,m3.large,21.4037
us-west-1,m3.medium,5.6249
us-west-1,m3.xlarge,43.0264
us-west-1,m4.10xlarge,540.2047
us-west-1,m4.16xlarge,1023.8688
us-west-1,m4.2xlarge,89.9246
us-west-1,m4.4xlarge,200.8875
us-west-1,m4.xlarge,44.9988
us-west-1,m5.12xlarge,566.5027
us-west-1,m5.24xlarge,1132.9324
us-west-1,m5.2xlarge,119.7289
us-west-1,m5.4xlarge,409.7374
us-west-1,m5.large,23.5952
us-west-1,m5.metal,755.3370
us-west-1,m5.xlarge,50.9158
us-west-1,m5d.12xlarge,2331.7560
us-west-1,m5d.24xlarge,1265.2991
us-west-1,m5d.2xlarge,94.3806
us-west-1,m5d.4xlarge,236.5359
us-west-1,m5d.large,23.5952
us-west-1,m5d.xlarge,47.1903
us-west-1,r3.2xlarge,90.8742
us-west-1,r3.4xlarge,183.7207
us-west-1,r3.8xlarge,358.8216
us-west-1,r3.large,22.4263
us-west-1,r3.xlarge,50.6236
us-west-1,r4.16xlarge,987.7091
us-west-1,r4.2xlarge,106.6530
us-west-1,r4.4xlarge,213.3791
us-west-1,r4.8xlarge,407.3268
us-west-1,r4.large,23.5952
us-west-1,r5.12xlarge,2454.4800
us-west-1,r5.24xlarge,1186.9164
us-west-1,r5.2xlarge,98.9097
us-west-1,r5.4xlarge,197.8194
us-west-1,r5.large,28.7087
us-west-1,r5.xlarge,49.4549
us-west-1,r5d.12xlarge,2840.1840
us-west-1,r5d.24xlarge,1186.9164
us-west-1,r5d.2xlarge,255.7481
us-west-1,r5d.4xlarge,946.7280
us-west-1,r5d.large,24.6909
us-west-1,r5d.metal,5680.3680
us-west-1,r5d.xlarge,49.4549
us-west-1,t1.micro,1.8262
us-west-1,t2.2xlarge,96.7913
us-west-1,t2.large,24.1795
us-west-1,t2.medium,12.1263
us-west-1,t2.micro,2.9951
us-west-1,t2.small,6.0631
us-west-1,t2.xlarge,48.3591
us-west-1,t3.2xlarge,87.1487
us-west-1,t3.large,21.7689
us-west-1,t3.medium,10.8845
us-west-1,t3.micro,2.7029
us-west-1,t3.nano,1.3880
us-west-1,t3.small,5.4787
us-west-1,t3.xlarge,43.5378
us-west-1,z1d.12xlarge,2500.6476
us-west-1,z1d.2xlarge,616.5420
us-west-1,z1d.3xlarge,924.8130
us-west-1,z1d.6xlarge,1849.6260
us-west-1,z1d.large,154.1355
us-west-1,z1d.metal,3699.2520
us-west-1,z1d.xlarge,308.2710
us-west-2,a1.4xlarge,451.4490
us-west-2,a1.large,56.4676
us-west-2,c1.medium,94.9650
us-west-2,c1.xlarge,286.9404
us-west-2,c3.2xlarge,85.3224
us-west-2,c3.8xlarge,359.4060
us-west-2,c3.large,21.3306
us-west-2,c3.xlarge,42.6612
us-west-2,c4.2xlarge,93.6501
us-west-2,c4.4xlarge,186.4236
us-west-2,c4.8xlarge,364.8117
us-west-2,c5.2xlarge,94.9650
us-west-2,c5.4xlarge,201.6180
us-west-2,c5.9xlarge,423.3248
us-west-2,c5.large,31.5576
us-west-2,c5.xlarge,48.3591
us-west-2,c5d.18xlarge,846.6495
us-west-2,c5d.2xlarge,104.6076
us-west-2,c5d.4xlarge,300.6738
us-west-2,c5d.9xlarge,507.4053
us-west-2,c5d.large,23.5221
us-west-2,c5d.xlarge,55.2989
us-west-2,c5n.2xlarge,94.8919
us-west-2,c5n.4xlarge,188.6881
us-west-2,c5n.9xlarge,425.5893
us-west-2,c5n.large,23.5221
us-west-2,c5n.xlarge,60.2662
us-west-2,d2.2xlarge,627.2804
us-west-2,d2.4xlarge,1258.2862
us-west-2,d2.8xlarge,2559.2337
us-west-2,d2.xlarge,323.6115
us-west-2,g2.8xlarge,569.7900
us-west-2,g3.16xlarge,999.3240
us-west-2,g3.4xlarge,355.4613
us-west-2,g3.8xlarge,499.6620
us-west-2,g3s.xlarge,164.3625
us-west-2,h1.16xlarge,3214.2000
us-west-2,h1.4xlarge,241.0650
us-west-2,i2.8xlarge,4982.0100
us-west-2,i3.2xlarge,157.9341
us-west-2,i3.4xlarge,351.4436
us-west-2,i3.8xlarge,585.4958
us-west-2,i3.large,34.1874
us-west-2,i3.xlarge,86.4181
us-west-2,m1.large,12.7838
us-west-2,m1.small,3.2142
us-west-2,m1.xlarge,25.5675
us-west-2,m2.4xlarge,72.9770
us-west-2,m3.2xlarge,90.1437
us-west-2,m3.large,22.4263
us-west-2,m3.medium,4.8944
us-west-2,m3.xlarge,48.5052
us-west-2,m4.10xlarge,657.4500
us-west-2,m4.2xlarge,96.1338
us-west-2,m4.4xlarge,222.0720
us-west-2,m4.large,23.5221
us-west-2,m4.xlarge,47.2633
us-west-2,m5.2xlarge,99.0558
us-west-2,m5.4xlarge,200.5953
us-west-2,m5a.12xlarge,1507.7520
us-west-2,m5a.2xlarge,98.7636
us-west-2,m5a.4xlarge,197.5272
us-west-2,m5a.xlarge,49.3818
us-west-2,m5d.12xlarge,694.7055
us-west-2,m5d.24xlarge,1216.6478
us-west-2,m5d.2xlarge,163.4859
us-west-2,m5d.4xlarge,317.6945
us-west-2,m5d.large,24.6909
us-west-2,m5d.metal,790.2549
us-west-2,m5d.xlarge,53.1804
us-west-2,p3.16xlarge,5420.0178
us-west-2,p3.2xlarge,692.0027
us-west-2,p3.8xlarge,2682.3960
us-west-2,r3.2xlarge,96.4260
us-west-2,r3.4xlarge,214.4017
us-west-2,r3.8xlarge,376.9380
us-west-2,r3.large,23.4490
us-west-2,r4.16xlarge,937.2315
us-west-2,r4.2xlarge,103.2197
us-west-2,r4.4xlarge,247.6395
us-west-2,r4.8xlarge,519.8238
us-west-2,r4.large,24.6178
us-west-2,r4.xlarge,56.0294
us-west-2,r5.12xlarge,2214.8760
us-west-2,r5.24xlarge,4430.4825
us-west-2,r5.2xlarge,368.9025
us-west-2,r5.4xlarge,738.5355
us-west-2,r5.large,26.0058
us-west-2,r5.metal,827.8756
us-west-2,r5.xlarge,67.5712
us-west-2,r5a.12xlarge,1981.1160
us-west-2,r5a.24xlarge,1284.7303
us-west-2,r5a.2xlarge,221.1954
us-west-2,r5a.4xlarge,660.3720
us-west-2,r5a.xlarge,66.6216
us-west-2,r5d.12xlarge,1197.3626
us-west-2,r5d.24xlarge,2844.9322
us-west-2,r5d.4xlarge,838.6140
us-west-2,r5d.large,26.4441
us-west-2,r5d.xlarge,209.6535
us-west-2,t1.micro,1.4610
us-west-2,t2.2xlarge,81.3777
us-west-2,t2.large,20.3079
us-west-2,t2.xlarge,40.6889
us-west-2,t3.2xlarge,98.5444
us-west-2,t3.large,20.1618
us-west-2,t3.micro,2.2645
us-west-2,t3.nano,1.3149
us-west-2,t3.small,4.6021
us-west-2,t3.xlarge,39.3740
us-west-2,x1.16xlarge,4871.7045
us-west-2,x1.32xlarge,9743.4090
us-west-2,z1d.12xlarge,1040.3781
us-west-2,z1d.2xlarge,317.7675
us-west-2,z1d.3xlarge,244.5714
us-west-2,z1d.6xlarge,934.8209
us-west-2,z1d.large,81.8160
us-west-2,z1d.metal,1373.1939
